,Visual,Somatomotor,Dorsal_Attention,Ventral_Attention,Limbic,Frontoparietal,Default
0,-0.23732762454858988,-0.03529892913725888,0.15141800469271116,0.19593825968001988,0.012915158026270447,-0.049335291282369804,-0.015213129686231251
1,-0.04371047725450574,-0.1778017954919704,0.19171773482651017,-0.12152720899274147,0.0717505813917449,0.006831670838303945,-0.03907121575587842
2,0.17729980651486757,-0.07637114738305138,0.2379759616034097,-0.1257661565902725,-0.09019094123268288,-0.20548363250638849,-0.16268798662534725
3,0.05605756226602872,-0.17819019492652416,0.11636482112332627,-0.05398647047307641,0.11226489254623952,-0.13703746114811444,-0.1618050252949872
4,-0.14922968450351176,0.0010300360731109789,0.1682669953631332,0.005225240120570411,0.10096658473081668,-0.027633944511758074,-0.11779299021226493
5,0.24744189047251372,-0.16342994246564746,-0.08928721449853028,-0.16623142955848133,0.2442204866404311,-0.13917192987318214,0.021412909991981727
6,0.1471126770238546,0.00046670064847394166,0.09739049407200541,0.02379272871015158,-0.023310059590513174,0.17910016526676556,-0.16797978211349562
7,0.2416958792466154,-0.11455361414548522,-0.08319425933899897,-0.11665233029740173,0.06847547124580092,-0.32456298762042646,-0.04038604389582922
8,-0.20491093940787133,0.028072166028194127,0.1122193385355093,0.12978384135973198,-0.1531757385470923,-0.026497909740948122,0.29886049997983793
