,Default,Dorsal_Attention,Frontoparietal,Limbic,Somatomotor,Ventral_Attention,Visual
0,-0.21002545626642927,0.10727593362240706,-0.24722838913806264,-0.13101620760714344,-0.11177967768453152,-0.07704993875671982,0.5126977990584334
1,-0.2418510151717756,0.10786833560142037,0.028049891332044746,-0.17708289384431156,0.28825457696266366,0.2680738256981532,-0.11541894717223758
2,0.33823096441222755,-0.2023392761791901,-0.0753976027728721,0.3828055521375342,-0.36817642374821613,-0.3032097131537291,0.03192302360772891
3,0.24776803585171103,0.06467321496805224,0.11563066626600066,0.05263175003824691,-0.13547927325193815,-0.030580448939307458,-0.19026788348357204
4,0.1463490696375696,0.0050052102846256,-0.04387755340808085,0.16288298718593014,0.1409250992158103,-0.038782121966637766,-0.3367169297575985
5,0.1936445944397447,-0.04400715355683327,-0.06759014661565138,0.16364673665789503,-0.10119226179529746,0.02634760345170742,-0.1784473712000335
6,0.09552001302682081,-0.17108828974662682,-0.0931793310712197,0.17229809098778937,-0.4268904720709197,-0.28272238308078734,0.4612822049237074
