,Default,Dorsal_Attention,Frontoparietal,Limbic,Somatomotor,Ventral_Attention,Visual
0,0.36762841546763414,-0.03280675198776484,0.00952475246098429,-0.16932960994025195,0.05352485780766021,0.10396853808628873,-0.2508078954523353
1,0.24025907807070987,-0.001421581947262364,-0.0016159268982874203,-0.0442927248026745,0.032595831646992895,-0.15922116944673265,-0.03697009283916504
2,0.2807891596862627,-0.13961387711754605,0.16412465121977296,-0.040861861012886316,-0.17707237074804982,-0.21583039472981425,0.057466210102896154
3,0.19113918450750558,0.04889959430815821,0.08770255631896726,-0.009138817399031239,-0.13896284869952508,-0.22778337310898134,0.041173221345176474
4,0.12815457612388884,-0.10955714662610105,0.04226628143168634,0.18655170408374655,-0.1341957455566118,-0.12261484374429762,-0.08136906645785685
5,0.07214458645409595,0.023328893501300366,-0.1595693400351908,0.005864675965328789,0.009761490932155975,-0.14738126881647334,0.048030890763634544
6,0.1304443993403224,-0.0726428003041946,0.1088473088684161,-0.02555599067333164,-0.017668264558603514,0.12607690880451314,-0.10146244306990528
