,Default,Dorsal_Attention,Frontoparietal,Limbic,Somatomotor,Ventral_Attention,Visual
0,0.0792077382432061,-0.17716011559853567,0.11749784648957975,-0.0924518139355072,-0.1228083653350029,0.23876001996675503,0.015114696168842465
1,0.0800540853843705,0.09800143255411557,0.18204270593103627,0.0031616313537222163,-0.05187986369565174,0.10606154659492072,-0.2443300984408045
2,0.07142324728340274,-0.03647542284022641,-0.024458115552832435,0.13705809354361675,-0.09402647103481913,-0.2407691308744107,0.08221488952576096
3,0.16087347642547303,0.13147014704991436,-0.0461944854212881,-0.028426679762960233,-0.0030307883856269396,0.0328000551240179,-0.12466077306928719
4,-0.025718641102175335,-0.12873440213149573,-0.08546804599721353,0.3084906815536418,-0.13464780413300811,0.1074051560360436,-0.06999867269004456
5,0.1505172584008554,-0.1408925160886526,0.024525828734456495,0.09985400452954551,-0.11608687276066185,-0.1155254574248228,-0.005723220389304166
6,0.051017356058632904,0.01550808938920159,0.059381616235565995,0.04802213444818104,-0.16269447035024606,-0.20733915116793034,0.18728177569220894
