,Default,Dorsal_Attention,Frontoparietal,Limbic,Somatomotor,Ventral_Attention,Visual
0,0.0398100679341314,-0.13988505071223184,-0.03310532578671642,-0.0670457661132367,0.034913883328462944,0.06778594989666953,0.02680573424354857
1,0.23487172772942064,-0.0624319593416901,0.1015269628428419,0.13382596478184303,-0.2965779532331264,-0.19878216396477477,0.07585454460563554
2,0.15712840399554018,0.07896459146016806,-0.2365211557443955,0.10505162308346375,-0.15341127195642912,-0.21204466568321356,0.16396051203608894
3,0.05537038924987793,-0.14587388802947868,-0.0359108757979006,0.17681927100740802,-0.22736725220812082,-0.10445513128884015,0.16403178443175465
4,-0.19134194937567753,0.3041551107043074,-0.2993259258517175,0.035819261303030835,0.07274761055056667,-0.007447667866998554,0.09094842138385406
5,-0.12555639500228616,0.0352689493393531,-0.020030014911247486,0.054811560988895724,-0.031017730139562293,0.10007059459501988,-0.04963879015564493
6,0.29033572445267486,-0.04388512722913486,0.049412550709852024,-0.012134028232281172,-0.10295119424594204,-0.1617121018127063,0.002982478006220441
