,Visual,Somatomotor,Dorsal_Attention,Ventral_Attention,Limbic,Frontoparietal,Default
0,0.12220658504074974,-0.043322282836997496,0.1484184504141531,0.1761742231179469,-0.14078171210987742,0.06398571913561278,-0.26180425043301503
1,0.3538332037821637,-0.07197199434030131,-0.11617369257666046,-0.08483433877174766,0.09095958682825597,0.11233884339293897,-0.20137999205733803
2,-0.05134902958713229,0.1606120901133337,0.2415978911018329,0.1345848796062041,-0.07432101627665019,0.0292325656035667,-0.06900439253603499
3,-0.10089949254192755,-0.09025335963136945,0.02777548848330329,0.1566076825244831,0.017128809025391965,-0.022717897689278028,-0.05195135769345138
4,0.028978629129371356,-0.013940162190587241,-0.12629808482297145,0.003307623713473375,0.353885546793317,0.052833168095463075,-0.04248269487819914
5,-0.09261553899058628,-0.003557056399134369,0.08109782832098583,0.055202889278747655,0.07106762640370996,0.18524901583640294,-0.12650659780470083
6,0.22650880154623876,0.0671021853976664,-0.12065260566676335,0.04073764223389032,0.056612881112241845,-0.0003298114306682135,-0.15848108130328148
7,0.2244246620972348,-0.0050623820783275535,0.1501903490681058,-0.05569708731771159,-0.04100231895614633,0.09129068485282994,-0.12631948793514483
8,0.13009534471328518,-0.21779646545956807,0.06192273831803388,0.08213365572729206,0.10205489360888231,-0.013960088124488297,-0.042700245633309715
