,Visual,Somatomotor,Dorsal_Attention,Ventral_Attention,Limbic,Frontoparietal,Default
0,0.1618803098959934,-0.20227508530902386,0.020677482731013372,-0.17762474153989405,0.07642650512409345,0.03523498582289883,0.01680971738376989
1,0.2311004155490559,-0.16571553993333085,0.08049734048763083,-0.1702977148627267,-0.07473070407163568,0.030097647213383042,0.02840985721898023
2,0.18867630001538158,-0.1751570061223011,0.05459529255623725,-0.2072341494032088,0.03776970736836308,0.01895263036950806,0.018529202206134965
3,0.22954603655852035,-0.17199418571195568,0.0648824344672406,-0.15650310037405588,-0.0646685026845814,0.03347876243175833,0.017772316762945946
4,0.1568201315555886,-0.21339965490511795,0.02817357224757415,-0.17385678847722882,0.06423610829392912,0.04483903044683063,0.03633243523018802
5,0.17713772514688486,-0.1885631415863231,0.03640076390528714,-0.19280776978922262,0.058236870159522315,0.026355817570920027,0.014968782956951669
6,0.14099551541922817,-0.2171122722303916,0.034928624084974415,-0.19127125235318804,0.08451117402694316,0.044372144692332374,0.05148387374972526
7,0.18868582153819355,-0.19333218434449784,0.026046382511578148,-0.16051219097985253,0.0297422464007212,0.03546082041509916,0.006646987129277514
