,Visual,Somatomotor,Dorsal_Attention,Ventral_Attention,Limbic,Frontoparietal,Default
0,0.039676373114829105,-0.0520493104228255,-0.03340828818662118,-0.11996510255209279,0.1071555249904223,-0.018791860046289202,-0.019715853904871933
1,0.2814905753819281,-0.00648978796170961,0.1271627087849331,0.021434110213815152,0.039022340459720216,-0.13002797360853746,-0.32382900589294344
2,0.15119261352856633,-0.259309540340007,-0.1160275696917424,-0.23486257605372246,0.16923754464060486,0.02793254709513684,0.2783392770554405
3,0.05507244270720097,0.02487765580510365,0.22740407900454304,-0.11085244324560582,-0.0352704968768297,-0.055484870116673336,-0.014089020966562752
4,0.25163781501730853,-0.06332184247701149,0.015490436041459076,-0.15986161511042882,-0.12296065466920149,0.09234992366930456,-0.10199973999164916
5,0.17884255794434809,-0.21938538995427256,-0.008728358973007881,-0.26677118951831735,0.1567990943946865,0.17998785807907605,0.03421249216983324
6,0.08612326392280094,0.030344425550327916,0.06499961299271396,-0.12085060328478942,0.007994926781528282,-0.12317094915450395,-0.09471255663131413
7,0.366965728989896,-0.08212459567210785,-0.07007444413750048,-0.09927371647428261,-0.06832485866550617,-0.07051831857258999,-0.26385746305340774
