,Visual,Somatomotor,Dorsal_Attention,Ventral_Attention,Limbic,Frontoparietal,Default
0,-0.28586818120839674,-0.029263772077272595,-0.1585197068351973,0.028335270672534753,0.37784042155496733,0.026521934730407908,0.05034324021389523
1,0.07813617423372116,0.010527191668268487,0.11063002607933453,0.44302055821229414,-0.21163566649377938,-0.08675735509111444,-0.08049462509055151
2,0.07492305648383721,0.03726418677524549,0.1241779932724688,0.41535893106967237,-0.16507271586559738,-0.11399686668457071,-0.1282553001543131
3,-0.26182948959888414,-0.0313310694526117,0.24244149525120645,0.10675673256067868,0.010202927953732985,-0.04322145350973048,0.03477774711933791
4,-0.0668732485752838,-0.06708986928594307,-0.06631485561444203,0.24654538445219656,0.22272916956860334,-0.005727407226641407,-0.03848493231082683
5,-0.03854114589375375,0.09036153754786642,0.1713005228364457,0.4323837272437497,-0.252156642963496,-0.0439933155208911,-0.1586827228817244
6,-0.021409863600849184,-0.12320926351893412,0.056338051448036525,0.0348625001184489,0.10284605044347601,-0.007937203913413713,-0.0831203222495658
7,0.10712565746276059,0.0557092111316168,-0.0063730241855036755,0.3181757301863813,0.02930543550142479,-0.12842908516160964,-0.1454730776279552
8,0.11159630265614918,-0.0915276010739645,-0.09926048052136568,0.07371141270350023,0.09334110490941827,-0.10446326351801329,-0.059274849189455796
