,Visual,Somatomotor,Dorsal_Attention,Ventral_Attention,Limbic,Frontoparietal,Default
0,0.1138907886311444,-0.07734455636897651,-0.14183761613548357,-0.053735070212789234,0.011135113740994095,-0.013913724680260565,-0.13075069728429534
1,-0.18347522614177572,0.02174934680454253,-0.11245721696847755,0.07495089325703791,0.08020626833165767,0.22540213338907106,0.15710388262852645
2,-0.1453861393313181,-0.10604950414436759,-0.0874733431987743,-0.16160186518256445,0.20295646587221458,-0.06314532489682002,0.10266693416817475
3,-0.21220371280843353,-0.10343865913214192,0.14087720698137376,-0.07135318777942763,0.09313811898930036,0.021161294332246564,0.036360625070916155
4,-0.19658320403622956,-0.0940603437539258,0.02084636878424601,-0.11929082557761964,-0.10752288420595048,-0.022641116563273004,0.03661375908674682
5,-0.19243064932484563,-0.06760679109758701,0.1574250739871292,0.06536401141217019,0.17885412970241624,0.21134815531239934,0.03107002404510118
6,0.0027317921959563824,-0.1056883671719801,0.005589261773539526,-0.1428813171531828,-0.07256747332286768,-0.09880011998821683,-0.001114613060577455
7,-0.23077225444993751,-0.1029253888698497,0.09222126148435329,-0.019231525148480616,0.22469456649995936,0.22803678615826573,0.03166290213555386
8,-0.05195773920816223,-0.071782298202401,-0.1322192666933118,-0.08269011814993028,-0.20983916621111404,-0.1843054345205047,-0.04262179665372224
