,Visual,Somatomotor,Dorsal_Attention,Ventral_Attention,Limbic,Frontoparietal,Default
0,-0.0735993397118403,-0.153446043879988,0.055698794112239186,-0.10708961341322144,0.3279616017252771,0.18510307735937742,0.14421940814812056
1,-0.1277670467835546,-0.06295255968614367,0.008540846734353902,-0.18266450025075023,0.19641676019756388,0.09735434159092105,-0.007995932632306631
2,0.0654671881679074,0.15364702243933284,-0.01699578175894346,0.04477826433153072,-0.09863342397034497,-0.09190479559220888,-0.1694091438202374
3,-0.16231724336698472,0.028732899085420878,0.04471561322614048,0.07169651490553297,0.26244840422897425,0.04994618504979792,-0.0184348584579873
4,-0.19705540216945297,-0.08541656910960535,0.012332609595364129,-0.016687505689230712,0.4096321962181438,0.1094922255128324,0.02678482703214944
5,-0.25262902694780404,-0.034903079139258254,-0.12189939009983346,-0.07369794307682857,0.4986542195679596,0.05219470443202641,-0.001500575262845469
6,0.09676453473020134,0.08038517876696959,0.21971339216198166,0.06488493804475876,-0.05888216329150818,-0.1345760960193384,-0.17713396234350068
7,-0.11523305653291767,-0.21572779148905316,0.08024239811411654,-0.13206687640221326,0.40182218850649964,0.20808601009345168,-0.016086596949796302
8,0.10946037956777449,0.05293695269218451,-0.08905538230993024,-0.10723240013521732,-0.01117451055468274,-0.12715668380615172,-0.14462654228547317
