,Visual,Somatomotor,Dorsal_Attention,Ventral_Attention,Limbic,Frontoparietal,Default
0,0.020632641682848816,-0.07922795973886024,0.2574311298352132,-0.061684842691532175,0.05245718036920409,0.302325889831738,-0.11691806284658983
1,0.007661157511091599,-0.08528970302816248,0.2028305331896031,-0.04769076186239456,0.03853063263079536,0.2784727169006173,-0.10341446265424414
2,0.035994410330785084,-0.10417167866422952,0.22043547806339647,-0.05189486323685239,0.04652562026923853,0.21720933828737146,-0.11147618484803463
3,0.005403147302244989,-0.09350914007466678,0.14119505198642976,-0.05593912987914634,0.02936039089938514,0.270388786126842,-0.08475598180507002
4,-0.0027270812158291585,-0.044579760902684756,0.2997141379323335,-0.017481557593399498,0.048517886119047116,0.2784189910552149,-0.12511779867488557
5,-0.0038117291183777055,-0.04656619178605661,0.3040968943705125,-0.004168525218630873,0.04654354004671421,0.25325624146847725,-0.12853191832597738
6,0.004521832121558975,-0.0634236319679717,0.28057100879565156,-0.016351071838038387,0.04575381224737556,0.25001950947470164,-0.12466934973536961
7,0.00262707430290679,-0.0881107354594571,0.15609519235190444,-0.06564198996204541,0.033205905085311474,0.31030034074815793,-0.08782858650486935
