,Visual,Somatomotor,Dorsal_Attention,Ventral_Attention,Limbic,Frontoparietal,Default
0,0.02467056908277941,-0.08281599260825667,0.2409574528280546,0.05104082741976207,-0.14018284479520463,-0.013892888970660938,0.05751951295026643
1,0.10760766644994493,-0.07187302891688424,0.034227792374724605,-0.15770437598398332,-0.20628291779723773,-0.11654333056286649,0.0936649125264907
2,0.08975028548282506,-0.08622459759705878,0.15009394402284693,-0.1395855484557427,-0.054945743947006,-0.021048247601441177,-0.0830141612760984
3,0.06627462392997378,-0.09946078394324952,-0.09991501667026842,-0.14078163795286713,-0.13540837381290272,-0.10739770387569389,0.08526773469371778
4,-0.12844482883502234,-0.18002333628974648,0.22297126692291125,-0.04733752553949053,-0.06043722533896531,-0.053777109258742475,0.30073366544369534
5,0.019841146404372997,-0.023071274263700696,0.24782472751746332,0.020034966920554086,0.03450224546167317,0.01750075129566509,-0.04182566119691977
6,-0.04069788821133639,-0.22461419997272308,0.13227069921341142,-0.22545035944816236,0.15841903023282847,-0.05580635980311003,0.3742867373968885
7,0.1301275712756513,0.008446622456818858,-0.008589399201561796,-0.13166518534162497,-0.1962132350354121,-0.08211244794841673,0.02108121170418753
