,Visual,Somatomotor,Dorsal_Attention,Ventral_Attention,Limbic,Frontoparietal,Default
0,-0.11528111441187214,0.011020762014942606,0.25683403603286603,0.09494748363806967,-0.06818078700922646,-0.14439821573537612,0.09155243482175303
1,-0.2902702771301702,0.09847804202218284,0.019778739564893632,0.14944255671315532,-0.11861321275283503,0.13501211867496923,0.19485976701768887
2,-0.11545371847978482,-0.0970156242421411,0.13916713435075417,0.04835772154112361,-0.16243931635262027,0.3285845216411334,0.15262052992188901
3,-0.09370980794766053,-0.04246668366703991,0.18457281825042224,0.10247721706301259,-0.06524230092971421,-0.06343999385910572,0.20562289717060195
4,-0.1846745689878366,0.0694980454380321,0.0013850224598183115,0.06286252085055262,-0.0844262400033328,0.04619380623107593,0.05561565787231499
5,-0.25534096517783034,-0.016964067943127315,0.23922587322968783,0.1445961435801178,-0.16962115002170525,0.3064169116050348,0.2336283835054591
6,-0.2585428134277782,0.05806094321282724,0.12238619299735497,0.10465309660268923,-0.08688400745253938,0.05981755364416038,0.229271721905728
7,-0.24785929413308383,0.05181286947366376,0.026646300793168525,0.14165307533746502,-0.22033637328828143,0.39920527438408404,0.2320729985066108
