,Visual,Somatomotor,Dorsal_Attention,Ventral_Attention,Limbic,Frontoparietal,Default
0,-0.05188531607470029,-0.041281997301745185,0.345253132053178,0.08538592641514528,-0.03645759487491945,0.2683344083413604,-0.09975071901770574
1,-0.03822873364343623,-0.04508015776672668,0.3476949200806479,0.09704071829777142,-0.06107288397437498,0.2967451200803648,-0.10489559715635036
2,-0.022424189786730036,-0.07804694451925437,0.311513165462477,0.16427650916322986,-0.10412273648350613,0.321849831285975,-0.0950906557456247
3,-0.026035044178776223,-0.05242742142486547,0.33802346514539794,0.11271624567848905,-0.06197981054818623,0.27166123297085526,-0.11116844355139292
4,-0.0025663899807224764,-0.039895350105315974,0.34420001092189156,0.09307309227851207,-0.05978640942786782,0.24508895612382242,-0.13039105342161034
5,-0.10271787497718222,-0.07485137022630033,0.31215341221073506,0.14011685526573694,-0.050638931645190025,0.3318178321412599,-0.048280901084277135
6,-0.023210308206087795,-0.03867532143805789,0.349957821337707,0.08734302823822437,-0.05827823319225357,0.27505711479278655,-0.11714713933895834
7,-0.0857123087740082,-0.06472299329086331,0.3311313151917869,0.12586113742081506,-0.06589993624196146,0.35358356291775755,-0.06329152478477108
