,Visual,Somatomotor,Dorsal_Attention,Ventral_Attention,Limbic,Frontoparietal,Default
0,-0.08105954019946861,-0.22437178513168385,0.016010302566059682,-0.11259485994726659,0.13374482929135334,0.045800454815014484,0.03408777302341358
1,-0.0940898815117181,-0.23133821084247108,0.08972977201958574,-0.14535751818384465,0.26487888664974535,0.07260866713221903,0.026404679276151605
2,-0.0971327676165364,-0.24225515622334576,0.05346951976385689,-0.18056346082957409,0.2469608072980134,0.04857835537504472,0.0551629438625943
3,-0.08717134715680157,-0.23170426874661074,0.08990933260108748,-0.17481780799501054,0.281759511345574,0.06369953051658203,0.04226853855849157
4,-0.032577512027251766,-0.2017211531091776,0.08069629328598894,-0.15556617277055418,0.20885243498564243,0.054539197246181226,0.041910395857917476
5,-0.09507837311743528,-0.24132435782891942,0.05336547763428483,-0.18458161742258758,0.24825887219160586,0.046968582976127014,0.057523234215134944
6,-0.06945647469081768,-0.22789310613424504,0.06795429000762794,-0.18025166196453574,0.24175959274466757,0.05023078741342285,0.05384222550131461
7,-0.06623749855450123,-0.22772222478529724,0.02734675489505341,-0.17950611431335553,0.18627151342656928,0.031458088209603025,0.0664823187808709
