,Visual,Somatomotor,Dorsal_Attention,Ventral_Attention,Limbic,Frontoparietal,Default
0,0.026318720534523346,-0.07893957195816748,0.04291109832521957,0.09515572980104658,-0.03426991738527639,0.10585152649291127,-0.07553968697210184
1,0.07213783936403882,-0.1444799448780755,0.011773488934975346,-0.024413672931583266,0.20249679832372133,-0.07128428882770356,-0.06664955552191479
2,0.1518586006910756,-0.15639332307861256,0.005218789237494614,-0.007924627372830893,-0.0029526140030271654,-0.08254670920524011,-0.1937761260004579
3,0.06323110451331364,-0.24846866683300012,0.0558238791410726,-0.1110786615615118,0.18070357496299547,-0.05838837213573852,-0.030718821263235777
4,0.2780567075173183,-0.19051914493654964,-0.014348483742040079,-0.06987394038006459,0.15618991118071562,-0.05052365199851585,-0.09886375291865292
5,0.0006690303201076215,-0.0910139598606483,-0.08999540314978513,0.10721977661295996,-0.11912987210418695,0.04001302517886963,-0.006998443431711396
6,0.061886786266568315,-0.19003092590080287,0.13110555129850476,-0.12410715044575897,0.1882700602711872,0.018403257464781383,0.008158153387471489
7,-0.009764633895138328,-0.14988771539122628,-0.08980608771046486,-0.01793591437499389,-0.1041583302041485,0.025593801134051034,0.10279003952431146
